Source_PPT,SlideIndex,SelectionTitle,Title,Code,Title_short,Image_sub_url,Deci_Question,Next1_Code,Next2_Code,Desc_Next1,Desc_Next2,Desi_Ques,Narr1_seed,Narr2_seed,Narr3_seed,Narr1,Narr2,Narr3,UAP_Label,UAP_URL,Start_Here,Entity,Function,SubEntity,Exclude,FAQ_Loc,FAQ_File,FAQ_Label,Quiz_Loc,Quiz_File,Quiz_Label,Image_web
C:\Users\scottuser\Documents\SonetLumier\WIP\PPS\PPS_BlanketOrder\PPS_BlanketOrder_01012026_1442.pptx,1,S000. Opening Slide for PPS – Sales – Blanket Order Processing,S000. Opening Slide for PPS – Sales – Blanket Order Processing,S000,Opening Slide for PPS – Sales – Blanket Order Processing,../images/BlanketOrder/S000.png,,S001,,About Palco Power Systems and Scott Electric and a Welcome to Training,,,Opening Slide for PPS – Sales – Blanket Order Processing,Opening Slide for PPS.,"Palco Power Systems is a specialized power solutions provider and an authorized KOHLER distributor, serving customers across western Pennsylvania, West Virginia, and western Maryland. Since 1972, Palco has supplied reliable generator systems and power equipment to industrial, commercial, municipal, healthcare, and residential customers who depend on uninterrupted power.
As part of the Scott Electric family since 1993, Palco Power Systems combines deep technical expertise with the broader resources of a leading independent electrical distributor. Our portfolio includes KOHLER industrial, mobile (towable), residential, and portable generator systems; pumps; other power systems and components; Honda portable units; transfer equipment; and related accessories, including ASCO and PSP components.
Over the years, Palco’s territory and responsibilities have grown along with its reputation:
• 1972 – Palco becomes an authorized KOHLER distributor in western Pennsylvania.
• 1984 – Territory expands to include West Virginia and western Maryland.
• 1989 – Area of responsibility further expands to include western New York State.
• 1993 – Scott Electric Company acquires Palco.
• 2001 – Territory is adjusted with the removal of western New York State.
Most recently, Palco Power Systems was the first Scott Electric division to host a Conference Room Pilot (CRP) for the new Infor CloudSuite software, demonstrating leadership and innovation in how we use technology to support customers and internal operations.",Slide S000. Opening Slide for PPS – Sales – Blanket Order Processing — Opening Slide for PPS – Sales – Blanket Order Processing.,Opening Slide for PPS.,"Palco Power Systems is a specialized power solutions provider and an authorized KOHLER distributor, serving customers across western Pennsylvania, West Virginia, and western Maryland. Since 1972, Palco has supplied reliable generator systems and power equipment to industrial, commercial, municipal, healthcare, and residential customers who depend on uninterrupted power.
As part of the Scott Electric family since 1993, Palco Power Systems combines deep technical expertise with the broader resources of a leading independent electrical distributor. Our portfolio includes KOHLER industrial, mobile (towable), residential, and portable generator systems; pumps; other power systems and components; Honda portable units; transfer equipment; and related accessories, including ASCO and PSP components.
Over the years, Palco’s territory and responsibilities have grown along with its reputation:
• 1972 – Palco becomes an authorized KOHLER distributor in western Pennsylvania.
• 1984 – Territory expands to include West Virginia and western Maryland.
• 1989 – Area of responsibility further expands to include western New York State.
• 1993 – Scott Electric Company acquires Palco.
• 2001 – Territory is adjusted with the removal of western New York State.
Most recently, Palco Power Systems was the first Scott Electric division to host a Conference Room Pilot (CRP) for the new Infor CloudSuite software, demonstrating leadership and innovation in how we use technology to support customers and internal operations.",,,Yes,PALCO,Sales,BlanketOrder,,../faq,PPS_BlanketOrder_faq.html,Blanket_Order_FAQ,,,,../images/BlanketOrder/S000.png
C:\Users\scottuser\Documents\SonetLumier\WIP\PPS\PPS_BlanketOrder\PPS_BlanketOrder_01012026_1442.pptx,2,S001. About Palco Power Systems and Scott Electric and a Welcome to Training,S001. About Palco Power Systems and Scott Electric and a Welcome to Training,S001,About Palco Power Systems and Scott Electric and a Welcome to Training,../images/BlanketOrder/S001.png,,S002,,Palco Power Systems Service to Cash Work Flow – at Palco Power Systems,,,About Palco Power Systems and Scott Electric and a Welcome to Training,About Palco Power Systems and Scott Electric and a Welcome to Training.,"Palco Power Systems is a specialized power solutions provider and an authorized KOHLER distributor, serving customers across western Pennsylvania, West Virginia, and western Maryland. Since 1972, Palco has supplied reliable generator systems and power equipment to industrial, commercial, municipal, healthcare, and residential customers who depend on uninterrupted power.
As part of the Scott Electric family since 1993, Palco Power Systems combines deep technical expertise with the broader resources of a leading independent electrical distributor. Our portfolio includes KOHLER industrial, mobile (towable), residential, and portable generator systems; pumps; other power systems and components; Honda portable units; transfer equipment; and related accessories, including ASCO and PSP components.
Over the years, Palco’s territory and responsibilities have grown along with its reputation:
• 1972 – Palco becomes an authorized KOHLER distributor in western Pennsylvania.
• 1984 – Territory expands to include West Virginia and western Maryland.
• 1989 – Area of responsibility further expands to include western New York State.
• 1993 – Scott Electric Company acquires Palco.
• 2001 – Territory is adjusted with the removal of western New York State.
Most recently, Palco Power Systems was the first Scott Electric division to host a Conference Room Pilot (CRP) for the new Infor CloudSuite software, demonstrating leadership and innovation in how we use technology to support customers and internal operations.",Slide S001. About Palco Power Systems and Scott Electric and a Welcome to Training — About Palco Power Systems and Scott Electric and a Welcome to Training.,About Palco Power Systems and Scott Electric and a Welcome to Training.,"Palco Power Systems is a specialized power solutions provider and an authorized KOHLER distributor, serving customers across western Pennsylvania, West Virginia, and western Maryland. Since 1972, Palco has supplied reliable generator systems and power equipment to industrial, commercial, municipal, healthcare, and residential customers who depend on uninterrupted power.
As part of the Scott Electric family since 1993, Palco Power Systems combines deep technical expertise with the broader resources of a leading independent electrical distributor. Our portfolio includes KOHLER industrial, mobile (towable), residential, and portable generator systems; pumps; other power systems and components; Honda portable units; transfer equipment; and related accessories, including ASCO and PSP components.
Over the years, Palco’s territory and responsibilities have grown along with its reputation:
• 1972 – Palco becomes an authorized KOHLER distributor in western Pennsylvania.
• 1984 – Territory expands to include West Virginia and western Maryland.
• 1989 – Area of responsibility further expands to include western New York State.
• 1993 – Scott Electric Company acquires Palco.
• 2001 – Territory is adjusted with the removal of western New York State.
Most recently, Palco Power Systems was the first Scott Electric division to host a Conference Room Pilot (CRP) for the new Infor CloudSuite software, demonstrating leadership and innovation in how we use technology to support customers and internal operations.",,,No,PALCO,Sales,BlanketOrder,,../faq,PPS_BlanketOrder_faq.html,Blanket_Order_FAQ,,,,../images/BlanketOrder/S001.png
C:\Users\scottuser\Documents\SonetLumier\WIP\PPS\PPS_BlanketOrder\PPS_BlanketOrder_01012026_1442.pptx,3,S002. Palco Power Systems Service to Cash Work Flow – at Palco Power Systems,S002. Palco Power Systems Service to Cash Work Flow – at Palco Power Systems,S002,Palco Power Systems Service to Cash Work Flow – at Palco Power Systems,../images/BlanketOrder/S002.png,,S003,,Pictorial representation of Quote/ Service Request to Cash similar to Quote to Cash - At PPS Service,,,Palco Power Systems Service to Cash Work Flow – at Palco Power Systems,This is the overall Work flow on how a service request is processed at Palco Power System. This covers the business process that starts from a request from a customer or based on a contract the need for a,"Palco Power Systems is a specialized power solutions provider and an authorized KOHLER distributor, serving customers across western Pennsylvania, West Virginia, and western Maryland. Since 1972, Palco has supplied reliable generator systems and power equipment to industrial, commercial, municipal, healthcare, and residential customers who depend on uninterrupted power.
As part of the Scott Electric family since 1993, Palco Power Systems combines deep technical expertise with the broader resources of a leading independent electrical distributor. Our portfolio includes KOHLER industrial, mobile (towable), residential, and portable generator systems; pumps; other power systems and components; Honda portable units; transfer equipment; and related accessories, including ASCO and PSP components.
Over the years, Palco’s territory and responsibilities have grown along with its reputation:• 1972 – Palco becomes an authorized KOHLER distributor in western Pennsylvania.• 1984 – Territory expands to include West Virginia and western Maryland.• 1989 – Area of responsibility further expands to include western New York State.• 1993 – Scott Electric Company acquires Palco.• 2001 – Territory is adjusted with the removal of western New York State.
Most recently, Palco Power Systems was the first Scott Electric division to host a Conference Room Pilot (CRP) for the new Infor CloudSuite software, demonstrating leadership and innovation in how we use technology to support customers and internal operations. This work reflects the dedication of the Palco team—including Tanner Schwartz, Valerie Markish, Tim Drop, Jen Schlegel, and Subi Rajagopalan—along with support from the broader ERP project, Champions, and Executive Sponsors. The management teams at Palco Power Systems and Scott Electric continue to support these efforts by prioritizing training, process improvement, and the successful adoption of the new system.

Welcome to the Palco Power Systems Training Site.
This section of the Scott Electric Training Site is designed to help you build the knowledge and skills needed to support our power systems customers safely, accurately, and efficiently—whether you work in sales, service, parts, rentals, administration, or support. Here you will find guided learning, reference materials, and role-based courses tailored to the work we do every day at Palco: sizing and selecting generators, supporting projects, coordinating installations, servicing equipment, and taking care of customers before, during, and after the sale.

Thank you for investing your time in training. Your commitment to learning and continuous improvement helps keep Palco Power Systems—and Scott Electric as a whole—reliable, responsive, and growing as we continue our customer-focused operations.",Slide S002. Palco Power Systems Service to Cash Work Flow – at Palco Power Systems — Palco Power Systems Service to Cash Work Flow – at Palco Power Systems.,This is the overall Work flow on how a service request is processed at Palco Power System. This covers the business process that starts from a request from a customer or based on a contract the need for a,"Palco Power Systems is a specialized power solutions provider and an authorized KOHLER distributor, serving customers across western Pennsylvania, West Virginia, and western Maryland. Since 1972, Palco has supplied reliable generator systems and power equipment to industrial, commercial, municipal, healthcare, and residential customers who depend on uninterrupted power.
As part of the Scott Electric family since 1993, Palco Power Systems combines deep technical expertise with the broader resources of a leading independent electrical distributor. Our portfolio includes KOHLER industrial, mobile (towable), residential, and portable generator systems; pumps; other power systems and components; Honda portable units; transfer equipment; and related accessories, including ASCO and PSP components.
Over the years, Palco’s territory and responsibilities have grown along with its reputation:• 1972 – Palco becomes an authorized KOHLER distributor in western Pennsylvania.• 1984 – Territory expands to include West Virginia and western Maryland.• 1989 – Area of responsibility further expands to include western New York State.• 1993 – Scott Electric Company acquires Palco.• 2001 – Territory is adjusted with the removal of western New York State.
Most recently, Palco Power Systems was the first Scott Electric division to host a Conference Room Pilot (CRP) for the new Infor CloudSuite software, demonstrating leadership and innovation in how we use technology to support customers and internal operations. This work reflects the dedication of the Palco team—including Tanner Schwartz, Valerie Markish, Tim Drop, Jen Schlegel, and Subi Rajagopalan—along with support from the broader ERP project, Champions, and Executive Sponsors. The management teams at Palco Power Systems and Scott Electric continue to support these efforts by prioritizing training, process improvement, and the successful adoption of the new system.

Welcome to the Palco Power Systems Training Site.
This section of the Scott Electric Training Site is designed to help you build the knowledge and skills needed to support our power systems customers safely, accurately, and efficiently—whether you work in sales, service, parts, rentals, administration, or support. Here you will find guided learning, reference materials, and role-based courses tailored to the work we do every day at Palco: sizing and selecting generators, supporting projects, coordinating installations, servicing equipment, and taking care of customers before, during, and after the sale.

Thank you for investing your time in training. Your commitment to learning and continuous improvement helps keep Palco Power Systems—and Scott Electric as a whole—reliable, responsive, and growing as we continue our customer-focused operations.",,,No,PALCO,Sales,BlanketOrder,,../faq,PPS_BlanketOrder_faq.html,Blanket_Order_FAQ,,,,../images/BlanketOrder/S002.png
C:\Users\scottuser\Documents\SonetLumier\WIP\PPS\PPS_BlanketOrder\PPS_BlanketOrder_01012026_1442.pptx,4,S003. Pictorial representation of Quote/ Service Request to Cash similar to Quote to Cash - At PPS Service,S003. Pictorial representation of Quote/ Service Request to Cash similar to Quote to Cash - At PPS Service,S003,Pictorial representation of Quote/ Service Request to Cash similar to Quote to Cash - At PPS Service,../images/BlanketOrder/S003.png,,M1,,Blanket Order Creation and Processing SOP - PPS Sales,,,Pictorial representation of Quote/ Service Request to Cash similar to Quote to Cash - At PPS Service,Pictorial representation of Quote/ Service Request to Cash similar to Quote to Cash - At PPS Service,"This is the overall Work flow on how a service request is processed at Palco Power System. This covers the business process that starts from a request from a customer or based on a contract the need for a routine service that need to be performed. Request from customers could be for a break fix , a warranty question or request for additional work suggest as a nice to perform during the most recent visit by a very well trained and efficient Service technician crea at PPS. This transistions through the various business sections of Service writes Service  , schedulers , technicians , parts department, purchasing , billing and finally collection of payment. Hence the term Service to Cash is ofen used to succinctly name it",Slide S003. Pictorial representation of Quote/ Service Request to Cash similar to Quote to Cash - At PPS Service — Pictorial representation of Quote/ Service Request to Cash similar to Quote to Cash - At PPS Service.,Pictorial representation of Quote/ Service Request to Cash similar to Quote to Cash - At PPS Service,"This is the overall Work flow on how a service request is processed at Palco Power System. This covers the business process that starts from a request from a customer or based on a contract the need for a routine service that need to be performed. Request from customers could be for a break fix , a warranty question or request for additional work suggest as a nice to perform during the most recent visit by a very well trained and efficient Service technician crea at PPS. This transistions through the various business sections of Service writes Service  , schedulers , technicians , parts department, purchasing , billing and finally collection of payment. Hence the term Service to Cash is ofen used to succinctly name it",,,No,PALCO,Sales,BlanketOrder,,../faq,PPS_BlanketOrder_faq.html,Blanket_Order_FAQ,,,,../images/BlanketOrder/S003.png
C:\Users\scottuser\Documents\SonetLumier\WIP\PPS\PPS_BlanketOrder\PPS_BlanketOrder_01012026_1442.pptx,5,M1. Blanket Order Creation and Processing SOP - PPS Sales,M1. Blanket Order Creation and Processing SOP - PPS Sales,M1,Blanket Order Creation and Processing SOP - PPS Sales,../images/BlanketOrder/M1.png,,S1,,Contractor places an Order for a Generator- PPS Sales,,,Blanket Order Creation and Processing SOP - PPS Sales,Blanket Order Creation and Processing SOP - PPS Sales,This process is used in both Industrial and Residential sales The process handles both sold from stock generators and Special build generators,Slide M1. Blanket Order Creation and Processing SOP - PPS Sales — Blanket Order Creation and Processing SOP - PPS Sales.,Blanket Order Creation and Processing SOP - PPS Sales,This process is used in both Industrial and Residential sales The process handles both sold from stock generators and Special build generators,,,No,PALCO,Sales,BlanketOrder,,../faq,PPS_BlanketOrder_faq.html,Blanket_Order_FAQ,,,,../images/BlanketOrder/M1.png
C:\Users\scottuser\Documents\SonetLumier\WIP\PPS\PPS_BlanketOrder\PPS_BlanketOrder_01012026_1442.pptx,6,S1. Contractor places an Order for a Generator- PPS Sales,S1. Contractor places an Order for a Generator- PPS Sales,S1,Contractor places an Order for a Generator- PPS Sales,../images/BlanketOrder/S1.png,,S2,,Create a Blanket Order using OPM - PPS Sales,,,Contractor places an Order for a Generator- PPS Sales,Contractor places an Order for a Generator- PPS Sales,The contractor places an order for the generator after reviewing our specifications,Slide S1. Contractor places an Order for a Generator- PPS Sales — Contractor places an Order for a Generator- PPS Sales.,Contractor places an Order for a Generator- PPS Sales,The contractor places an order for the generator after reviewing our specifications,,,No,PALCO,Sales,BlanketOrder,,../faq,PPS_BlanketOrder_faq.html,Blanket_Order_FAQ,,,,../images/BlanketOrder/S1.png
C:\Users\scottuser\Documents\SonetLumier\WIP\PPS\PPS_BlanketOrder\PPS_BlanketOrder_01012026_1442.pptx,7,S2. Create a Blanket Order using OPM - PPS Sales,S2. Create a Blanket Order using OPM - PPS Sales,S2,Create a Blanket Order using OPM - PPS Sales,../images/BlanketOrder/S2.png,,D1,,Decision is the Generator a “Modified Build” ? - PPS Sales,,,Create a Blanket Order using OPM - PPS Sales,Create a Blanket Order using OPM - PPS Sales,"the process starts with the creation of Blanket Order A blanket order (BL) represents a contract to supply a quantity of goods to be shipped on different dates, and possibly to different locations, over a specified period of time. BLs are automatically converted to blanket releases (BR) when it comes time to ship the products. Use these instructions to create a BL.

Select Sales > Entry > Order.
Select Blanket Order in the Order Type field.
Specify the required information on the page, and then click Next.
To use lump sum billing:
Select the Lump Sum Bill option and specify an amount.
Select the Print Line Price option to print prices on invoices.
Click Submit.
If lump sum billing does not apply to the order, click Submit without specifying any information.",Slide S2. Create a Blanket Order using OPM - PPS Sales — Create a Blanket Order using OPM - PPS Sales.,Create a Blanket Order using OPM - PPS Sales,"the process starts with the creation of Blanket Order A blanket order (BL) represents a contract to supply a quantity of goods to be shipped on different dates, and possibly to different locations, over a specified period of time. BLs are automatically converted to blanket releases (BR) when it comes time to ship the products. Use these instructions to create a BL.

Select Sales > Entry > Order.
Select Blanket Order in the Order Type field.
Specify the required information on the page, and then click Next.
To use lump sum billing:
Select the Lump Sum Bill option and specify an amount.
Select the Print Line Price option to print prices on invoices.
Click Submit.
If lump sum billing does not apply to the order, click Submit without specifying any information.",01_Create a Blanket Order,https://scottelectricusa.uap.infor.com/#/content/eaababd2-d936-4c5e-b198-e33cd1c78a22?contextId=1117d5a4-031c-40fd-bc51-f8d6bb1f1345&bypassGroupFiltering=false,No,PALCO,Sales,BlanketOrder,,../faq,PPS_BlanketOrder_faq.html,Blanket_Order_FAQ,,,,../images/BlanketOrder/S2.png
C:\Users\scottuser\Documents\SonetLumier\WIP\PPS\PPS_BlanketOrder\PPS_BlanketOrder_01012026_1442.pptx,8,D1. Decision is the Generator a “Modified Build” ? - PPS Sales,D1. Decision is the Generator a “Modified Build” ? - PPS Sales,D1,Decision is the Generator a “Modified Build” ? - PPS Sales,../images/BlanketOrder/D1.png,Decision Is the Generator a “Modified Build” ?,Y1,N1,Yes the Order is  “Modified Build” Generator - PPS Sales,"No, Generator is not a “Modified Build”",Decision Is the Generator a “Modified Build” ?,Yes Generator a “Modified Build” ? - PPS Sales,Decision is the Generator a “Modified Build” ? - PPS Sales,"A key decision needs to be taken if the order requires a ""modified Generator Build"" or a standard unit",Slide D1. Decision is the Generator a “Modified Build” ? - PPS Sales — Yes Generator a “Modified Build” ? - PPS Sales.,Decision is the Generator a “Modified Build” ? - PPS Sales,"A key decision needs to be taken if the order requires a ""modified Generator Build"" or a standard unit",,,No,PALCO,Sales,BlanketOrder,,../faq,PPS_BlanketOrder_faq.html,Blanket_Order_FAQ,,,,../images/BlanketOrder/D1.png
C:\Users\scottuser\Documents\SonetLumier\WIP\PPS\PPS_BlanketOrder\PPS_BlanketOrder_01012026_1442.pptx,9,"Y1. Yes, Generator is a “Modified Build” - PPS Sales","Y1. Yes, Generator is a “Modified Build” - PPS Sales",Y1,"Yes, Generator is a “Modified Build” - PPS Sales",../images/BlanketOrder/Y1.png,,S3,,Create an order with a “Order as needed Stock Item” OPM - PPS Sales,,,"Yes, Generator is a “Modified Build” - PPS Sales","Yes, Generator is a “Modified Build” - PPS Sales",In this path it was determined that a modified generator needs to be created,"Slide Y1. Yes, Generator is a “Modified Build” - PPS Sales — Yes, Generator is a “Modified Build” - PPS Sales.","Yes, Generator is a “Modified Build” - PPS Sales",In this path it was determined that a modified generator needs to be created,,,No,PALCO,Sales,BlanketOrder,,../faq,PPS_BlanketOrder_faq.html,Blanket_Order_FAQ,,,,../images/BlanketOrder/Y1.png
C:\Users\scottuser\Documents\SonetLumier\WIP\PPS\PPS_BlanketOrder\PPS_BlanketOrder_01012026_1442.pptx,10,S3. Create an order with a “Order as needed Stock Item” OPM - PPS Sales,S3. Create an order with a “Order as needed Stock Item” OPM - PPS Sales,S3,Create an order with a “Order as needed Stock Item” OPM - PPS Sales,../images/BlanketOrder/S3.png,,S4,,Make the OAN item serialized OPM - PPS Sales,,,Create an order with a “Order as needed Stock Item” OPM - PPS Sales,Create an order with a “Order as needed Stock Item” OPM - PPS Sales,In order to process this order an Item has to be created as with an Order as needed flag set as this is a one of sale,Slide S3. Create an order with a “Order as needed Stock Item” OPM - PPS Sales — Create an order with a “Order as needed Stock Item” OPM - PPS Sales.,Create an order with a “Order as needed Stock Item” OPM - PPS Sales,In order to process this order an Item has to be created as with an Order as needed flag set as this is a one of sale,09_Create Order as Needed Non Stock,https://scottelectricusa.uap.infor.com/#/content/bda7b62d-f8c7-4c18-a421-14573b577ab2?contextId=1117d5a4-031c-40fd-bc51-f8d6bb1f1345&bypassGroupFiltering=false,No,PALCO,Sales,BlanketOrder,,../faq,PPS_BlanketOrder_faq.html,Blanket_Order_FAQ,,,,../images/BlanketOrder/S3.png
C:\Users\scottuser\Documents\SonetLumier\WIP\PPS\PPS_BlanketOrder\PPS_BlanketOrder_01012026_1442.pptx,11,S4. Make the OAN item serialized OPM - PPS Sales,S4. Make the OAN item serialized OPM - PPS Sales,S4,Make the OAN item serialized OPM - PPS Sales,../images/BlanketOrder/S4.png,,S5,,Add items to the order including Start_Up - OPM - PPS Sales,,,Make the OAN item serialized OPM - PPS Sales,Make the OAN item serialized OPM - PPS Sales,since generator have to be serilized and tracked by serial number the item created earlier needs to be serialized. It should be noted in these cases the probability that the serial number is known is very low. However that is entered during the receipt of the unit from the manufacturer,Slide S4. Make the OAN item serialized OPM - PPS Sales — Make the OAN item serialized OPM - PPS Sales.,Make the OAN item serialized OPM - PPS Sales,since generator have to be serilized and tracked by serial number the item created earlier needs to be serialized. It should be noted in these cases the probability that the serial number is known is very low. However that is entered during the receipt of the unit from the manufacturer,08_Make a Product Serialized,https://scottelectricusa.uap.infor.com/#/content/675c529d-0457-4345-bb64-367c4424740c?contextId=1117d5a4-031c-40fd-bc51-f8d6bb1f1345&bypassGroupFiltering=false,No,PALCO,Sales,BlanketOrder,,../faq,PPS_BlanketOrder_faq.html,Blanket_Order_FAQ,,,,../images/BlanketOrder/S4.png
C:\Users\scottuser\Documents\SonetLumier\WIP\PPS\PPS_BlanketOrder\PPS_BlanketOrder_01012026_1442.pptx,12,S5. Add items to the order including Start_Up - OPM - PPS Sales,S5. Add items to the order including Start_Up - OPM - PPS Sales,S5,Add items to the order including Start_Up - OPM - PPS Sales,../images/BlanketOrder/S5.png,,S6,,Add Lump Sum billing- OPM - PPS Sales,,,Add items to the order including Start_Up - OPM - PPS Sales,Add items to the order including Start_Up - OPM - PPS Sales,It should be noted the start up service has to be added as part of the sale and on a separate line,Slide S5. Add items to the order including Start_Up - OPM - PPS Sales — Add items to the order including Start_Up - OPM - PPS Sales.,Add items to the order including Start_Up - OPM - PPS Sales,It should be noted the start up service has to be added as part of the sale and on a separate line,02_Add Items,https://scottelectricusa.uap.infor.com/#/content/3da46b27-097b-4391-9a80-c09204643112?contextId=1117d5a4-031c-40fd-bc51-f8d6bb1f1345&bypassGroupFiltering=false,No,PALCO,Sales,BlanketOrder,,../faq,PPS_BlanketOrder_faq.html,Blanket_Order_FAQ,,,,../images/BlanketOrder/S5.png
C:\Users\scottuser\Documents\SonetLumier\WIP\PPS\PPS_BlanketOrder\PPS_BlanketOrder_01012026_1442.pptx,13,S6. Add Lump Sum billing- OPM - PPS Sales,S6. Add Lump Sum billing- OPM - PPS Sales,S6,Add Lump Sum billing- OPM - PPS Sales,../images/BlanketOrder/S6.png,,D2,,Decision Does the customer want the Gen and ATS shipped separately ? - OPM - PPS Sales,,,Add Lump Sum billing- OPM - PPS Sales,Add Lump Sum billing- OPM - PPS Sales,In most bid jobs the lumpsum bill is used as the individual price (to the customer) is not presented.,Slide S6. Add Lump Sum billing- OPM - PPS Sales — Add Lump Sum billing- OPM - PPS Sales.,Add Lump Sum billing- OPM - PPS Sales,In most bid jobs the lumpsum bill is used as the individual price (to the customer) is not presented.,03_Add Lump Sum,https://scottelectricusa.uap.infor.com/#/content/98b76f20-2e04-48cc-94f6-b98f72177e1f?contextId=1117d5a4-031c-40fd-bc51-f8d6bb1f1345&bypassGroupFiltering=false,No,PALCO,Sales,BlanketOrder,,../faq,PPS_BlanketOrder_faq.html,Blanket_Order_FAQ,,,,../images/BlanketOrder/S6.png
C:\Users\scottuser\Documents\SonetLumier\WIP\PPS\PPS_BlanketOrder\PPS_BlanketOrder_01012026_1442.pptx,14,D2. Decision Does the customer want the Gen and ATS shipped separately ? - OPM - PPS Sales,D2. Decision Does the customer want the Gen and ATS shipped separately ? - OPM - PPS Sales,D2,Decision Does the customer want the Gen and ATS shipped separately ? - OPM - PPS Sales,../images/BlanketOrder/D2.png,Decision Does the customer want the Gen and ATS shipped separately ?,Y2,N2,Yes. Customer  wants the Gen and ATS shipped separately,"No, The customer want the Gen and ATS shipped together",Decision Does the customer want the Gen and ATS shipped separately ?,Yes the customer want the Gen and ATS shipped separately ? - OPM - PPS Sales,Decision Does the customer want the Gen and ATS shipped separately ? - OPM - PPS Sales,"Due to varaious factors like size , site readiness , mode of operation even fuel require special preparation and handling hence the customer may choose to have the generator and ATS etc shipped separately or in some case all at one time. Hence this question needs to be answered",Slide D2. Decision Does the customer want the Gen and ATS shipped separately ? - OPM - PPS Sales — Yes the customer want the Gen and ATS shipped separately ? - OPM - PPS Sales.,Decision Does the customer want the Gen and ATS shipped separately ? - OPM - PPS Sales,"Due to varaious factors like size , site readiness , mode of operation even fuel require special preparation and handling hence the customer may choose to have the generator and ATS etc shipped separately or in some case all at one time. Hence this question needs to be answered",,,No,PALCO,Sales,BlanketOrder,,../faq,PPS_BlanketOrder_faq.html,Blanket_Order_FAQ,,,,../images/BlanketOrder/D2.png
C:\Users\scottuser\Documents\SonetLumier\WIP\PPS\PPS_BlanketOrder\PPS_BlanketOrder_01012026_1442.pptx,15,Y2. Yes The customer want the Gen and ATS shipped separately - OPM - PPS Sales,Y2. Yes The customer want the Gen and ATS shipped separately - OPM - PPS Sales,Y2,Yes The customer want the Gen and ATS shipped separately - OPM - PPS Sales,../images/BlanketOrder/Y2.png,,S7,,Create 3 releases to satisfy the customer’s request - OPM - PPS Sales,,,Yes The customer want the Gen and ATS shipped separately - OPM - PPS Sales,Yes The customer want the Gen and ATS shipped separately - OPM - PPS Sales,in this case the customer has opted for separate shipments of the Generator and ATS,Slide Y2. Yes The customer want the Gen and ATS shipped separately - OPM - PPS Sales — Yes The customer want the Gen and ATS shipped separately - OPM - PPS Sales.,Yes The customer want the Gen and ATS shipped separately - OPM - PPS Sales,in this case the customer has opted for separate shipments of the Generator and ATS,,,No,PALCO,Sales,BlanketOrder,,../faq,PPS_BlanketOrder_faq.html,Blanket_Order_FAQ,,,,../images/BlanketOrder/Y2.png
C:\Users\scottuser\Documents\SonetLumier\WIP\PPS\PPS_BlanketOrder\PPS_BlanketOrder_01012026_1442.pptx,16,S7. Create 3 releases to satisfy the customer’s request - OPM - PPS Sales,S7. Create 3 releases to satisfy the customer’s request - OPM - PPS Sales,S7,Create 3 releases to satisfy the customer’s request - OPM - PPS Sales,../images/BlanketOrder/S7.png,,S8,,Run OEEPC and await customer call - OPM - PPS Sales,,,Create 3 releases to satisfy the customer’s request - OPM - PPS Sales,Create 3 releases to satisfy the customer’s request - OPM - PPS Sales,"As the there are three releases one the generator , two the ats and three the startup service 3 releases need to be added to the blanket orderA blanket release (BR) is a portion of the original blanket order (BL). Each blanket release retains the original BL number, but is assigned a different suffix. You can specify different ship dates and ship to locations for each blanket release.

Select Sales > Entry > Blanket Release.
Specify the blanket order number, and then click Search.
Click New.
Specify information for this blanket release.
The promise date and requested ship date are required.
Click Continue.
Review the information and make changes if required.
Click Save.
Related topics",Slide S7. Create 3 releases to satisfy the customer’s request - OPM - PPS Sales — Create 3 releases to satisfy the customer’s request - OPM - PPS Sales.,Create 3 releases to satisfy the customer’s request - OPM - PPS Sales,"As the there are three releases one the generator , two the ats and three the startup service 3 releases need to be added to the blanket orderA blanket release (BR) is a portion of the original blanket order (BL). Each blanket release retains the original BL number, but is assigned a different suffix. You can specify different ship dates and ship to locations for each blanket release.

Select Sales > Entry > Blanket Release.
Specify the blanket order number, and then click Search.
Click New.
Specify information for this blanket release.
The promise date and requested ship date are required.
Click Continue.
Review the information and make changes if required.
Click Save.
Related topics",04_Create a Release,https://scottelectricusa.uap.infor.com/#/content/8ee4bf25-b611-4a98-b451-2bbbe6e4785b?contextId=1117d5a4-031c-40fd-bc51-f8d6bb1f1345&bypassGroupFiltering=false,No,PALCO,Sales,BlanketOrder,,../faq,PPS_BlanketOrder_faq.html,Blanket_Order_FAQ,,,,../images/BlanketOrder/S7.png
C:\Users\scottuser\Documents\SonetLumier\WIP\PPS\PPS_BlanketOrder\PPS_BlanketOrder_01012026_1442.pptx,17,S8. Run OEEPC and await customer call - OPM - PPS Sales,S8. Run OEEPC and await customer call - OPM - PPS Sales,S8,Run OEEPC and await customer call - OPM - PPS Sales,../images/BlanketOrder/S8.png,,S9,,Customer call for First release - Single step - PPS Sales,,,Run OEEPC and await customer call - OPM - PPS Sales,Run OEEPC and await customer call - OPM - PPS Sales,the order is kept ready by running the OOEEPC or OE Entry Processing Cancel/Convert Orders menu is used,Slide S8. Run OEEPC and await customer call - OPM - PPS Sales — Run OEEPC and await customer call - OPM - PPS Sales.,Run OEEPC and await customer call - OPM - PPS Sales,the order is kept ready by running the OOEEPC or OE Entry Processing Cancel/Convert Orders menu is used,05_Run OEEPC,https://scottelectricusa.uap.infor.com/#/content/1030ffc1-1656-40db-a9d1-de90fa5f2bd0?contextId=1117d5a4-031c-40fd-bc51-f8d6bb1f1345&bypassGroupFiltering=false,No,PALCO,Sales,BlanketOrder,,../faq,PPS_BlanketOrder_faq.html,Blanket_Order_FAQ,,,,../images/BlanketOrder/S8.png
C:\Users\scottuser\Documents\SonetLumier\WIP\PPS\PPS_BlanketOrder\PPS_BlanketOrder_01012026_1442.pptx,18,S9. Customer call for First release - Single step - PPS Sales,S9. Customer call for First release - Single step - PPS Sales,S9,Customer call for First release - Single step - PPS Sales,../images/BlanketOrder/S9.png,,S10,,Print Pick ticket on “01 “ Suffix – OPM - PPS Sales,,,Customer call for First release - Single step - PPS Sales,Customer call for First release - Single step - PPS Sales,Once the custoemr is ready and based on the terms being satisfied a release is requested,Slide S9. Customer call for First release - Single step - PPS Sales — Customer call for First release - Single step - PPS Sales.,Customer call for First release - Single step - PPS Sales,Once the custoemr is ready and based on the terms being satisfied a release is requested,,,No,PALCO,Sales,BlanketOrder,,../faq,PPS_BlanketOrder_faq.html,Blanket_Order_FAQ,,,,../images/BlanketOrder/S9.png
C:\Users\scottuser\Documents\SonetLumier\WIP\PPS\PPS_BlanketOrder\PPS_BlanketOrder_01012026_1442.pptx,19,S10. Print Pick ticket on “01 “ Suffix – OPM - PPS Sales,S10. Print Pick ticket on “01 “ Suffix – OPM - PPS Sales,S10,Print Pick ticket on “01 “ Suffix – OPM - PPS Sales,../images/BlanketOrder/S10.png,,S11,,Do Shipping feedback for the picked items – OPM - PPS Sales,,,Print Pick ticket on “01 “ Suffix – OPM - PPS Sales,Print Pick ticket on “01 “ Suffix – OPM - PPS Sales,"A pick ticket is printed Sales > Entry > OEE Reports > OEEPP

Function acronym: OEEPP

Use this report to print pick tickets so that the products can be picked from the warehouse and staged for shipping. Optionally, you can print Integrated Barcode pick labels or cartonization package labels. Run this report after a sales order is created, and you have optionally sent an acknowledgment to the customer.

You can print pick tickets automatically from Sales Order Entry and Sales Entry Shipping Feedback Report through this function. You can also print pick tickets with Sales Entry Back Order Fill Report after an order is filled.

A temporary lock is placed on orders until picking is complete. Because pick tickets can be printed from multiple functions, the lock ensures that the pick tickets are printed only once. If the Sales Entry Back Order Fill Report or Sales Entry Pick Tickets Report does not finish processing, the user that created the order can unlock the order in Sales Order Entry.",Slide S10. Print Pick ticket on “01 “ Suffix – OPM - PPS Sales — Print Pick ticket on “01 “ Suffix – OPM - PPS Sales.,Print Pick ticket on “01 “ Suffix – OPM - PPS Sales,"A pick ticket is printed Sales > Entry > OEE Reports > OEEPP

Function acronym: OEEPP

Use this report to print pick tickets so that the products can be picked from the warehouse and staged for shipping. Optionally, you can print Integrated Barcode pick labels or cartonization package labels. Run this report after a sales order is created, and you have optionally sent an acknowledgment to the customer.

You can print pick tickets automatically from Sales Order Entry and Sales Entry Shipping Feedback Report through this function. You can also print pick tickets with Sales Entry Back Order Fill Report after an order is filled.

A temporary lock is placed on orders until picking is complete. Because pick tickets can be printed from multiple functions, the lock ensures that the pick tickets are printed only once. If the Sales Entry Back Order Fill Report or Sales Entry Pick Tickets Report does not finish processing, the user that created the order can unlock the order in Sales Order Entry.",06_Print Pick Ticket,https://scottelectricusa.uap.infor.com/#/content/b94123d0-bf35-4a24-b508-ad2c4f181c8c?contextId=1117d5a4-031c-40fd-bc51-f8d6bb1f1345&bypassGroupFiltering=false,No,PALCO,Sales,BlanketOrder,,../faq,PPS_BlanketOrder_faq.html,Blanket_Order_FAQ,,,,../images/BlanketOrder/S10.png
C:\Users\scottuser\Documents\SonetLumier\WIP\PPS\PPS_BlanketOrder\PPS_BlanketOrder_01012026_1442.pptx,20,S11. Do Shipping feedback for the picked items – OPM - PPS Sales,S11. Do Shipping feedback for the picked items – OPM - PPS Sales,S11,Do Shipping feedback for the picked items – OPM - PPS Sales,../images/BlanketOrder/S11.png,,S12,,Goes through the AR billing Process – OPM - PPS Sales,,,Do Shipping feedback for the picked items – OPM - PPS Sales,Do Shipping feedback for the picked items – OPM - PPS Sales,"he same shipping updates that the Sales Shipping Feedback Entry and Transfer Shipping Feedback Entry functions perform are initiated in the WL Entry Batch Shipping Report. This update includes closing the shipping journal and updating General Ledger and Inventory Control. If processing stops before the journal is successfully closed, you must manually close the journal. The journals are not opened by the WL Entry Batch Shipping Report; other functions that open the journals are launched. The report output provides order information and relevant error messages.",Slide S11. Do Shipping feedback for the picked items – OPM - PPS Sales — Do Shipping feedback for the picked items – OPM - PPS Sales.,Do Shipping feedback for the picked items – OPM - PPS Sales,"he same shipping updates that the Sales Shipping Feedback Entry and Transfer Shipping Feedback Entry functions perform are initiated in the WL Entry Batch Shipping Report. This update includes closing the shipping journal and updating General Ledger and Inventory Control. If processing stops before the journal is successfully closed, you must manually close the journal. The journals are not opened by the WL Entry Batch Shipping Report; other functions that open the journals are launched. The report output provides order information and relevant error messages.",07_Shipping Feedback,https://scottelectricusa.uap.infor.com/#/content/aca7e7bd-7c49-4f1b-be7d-274cd5333327?contextId=1117d5a4-031c-40fd-bc51-f8d6bb1f1345&bypassGroupFiltering=false,No,PALCO,Sales,BlanketOrder,,../faq,PPS_BlanketOrder_faq.html,Blanket_Order_FAQ,,,,../images/BlanketOrder/S11.png
C:\Users\scottuser\Documents\SonetLumier\WIP\PPS\PPS_BlanketOrder\PPS_BlanketOrder_01012026_1442.pptx,21,S12. Goes through the AR billing Process – OPM - PPS Sales,S12. Goes through the AR billing Process – OPM - PPS Sales,S12,Goes through the AR billing Process – OPM - PPS Sales,../images/BlanketOrder/S12.png,,D3,,"Decision, Were (3) Three Releases created for this Order ? - Single step - PPS Sales",,,Goes through the AR billing Process – OPM - PPS Sales,Goes through the AR billing Process – OPM - PPS Sales,"nvoice processing
Invoicing is one of the last required steps to complete an order. Invoice processing places the order in Stage 4 (Invoiced) or Stage 5 (Paid), if the payment amount equals the invoice amount. An order cannot be changed or deleted after it is invoice processed, although an invoiced order can be copied to a new order.

For range or list processing, orders are invoiced, the order stage changed, and all Customer, General Ledger and Product updates are performed in this order:

RM orders in order number order
All other orders in order number order
This processing order is separate from the print order.

If the Our Records Only Invoice option is selected in Sales Order Entry, the order is invoice processed but output is not generated.",Slide S12. Goes through the AR billing Process – OPM - PPS Sales — Goes through the AR billing Process – OPM - PPS Sales.,Goes through the AR billing Process – OPM - PPS Sales,"nvoice processing
Invoicing is one of the last required steps to complete an order. Invoice processing places the order in Stage 4 (Invoiced) or Stage 5 (Paid), if the payment amount equals the invoice amount. An order cannot be changed or deleted after it is invoice processed, although an invoiced order can be copied to a new order.

For range or list processing, orders are invoiced, the order stage changed, and all Customer, General Ledger and Product updates are performed in this order:

RM orders in order number order
All other orders in order number order
This processing order is separate from the print order.

If the Our Records Only Invoice option is selected in Sales Order Entry, the order is invoice processed but output is not generated.",23_Invoice Processing,https://scottelectricusa.uap.infor.com/#/content/39e7006e-0b4f-478f-a077-766da18cb79d?contextId=fd6bc02c-2152-4cbc-a528-70405e9ba64b&bypassGroupFiltering=false,No,PALCO,Sales,BlanketOrder,,../faq,PPS_BlanketOrder_faq.html,Blanket_Order_FAQ,,,,../images/BlanketOrder/S12.png
C:\Users\scottuser\Documents\SonetLumier\WIP\PPS\PPS_BlanketOrder\PPS_BlanketOrder_01012026_1442.pptx,22,"D3. Decision, Were (3) Three Releases created for this Order ? - Single step - PPS Sales","D3. Decision, Were (3) Three Releases created for this Order ? - Single step - PPS Sales",D3,"Decision, Were (3) Three Releases created for this Order ? - Single step - PPS Sales",../images/BlanketOrder/D3.png,"Decision, Were (3) Three Releases created for this Order ?",Y3,N3,Yes  (3)  Three Releases  need to be created for this Order,No Only (2)  Two Releases created for this Order – Single step - PPS Sales,"Decision, Were (3) Three Releases created for this Order ?",Yes  (3) Three Releases created for this Order  - Single step - PPS Sales,"Decision, Were (3) Three Releases created for this Order ? - Single step - PPS Sales",A decision on whether the customer has requested a the generator and Ats be shipped separately or not will be answered here,"Slide D3. Decision, Were (3) Three Releases created for this Order ? - Single step - PPS Sales — Yes  (3) Three Releases created for this Order  - Single step - PPS Sales.","Decision, Were (3) Three Releases created for this Order ? - Single step - PPS Sales",A decision on whether the customer has requested a the generator and Ats be shipped separately or not will be answered here,,,No,PALCO,Sales,BlanketOrder,,../faq,PPS_BlanketOrder_faq.html,Blanket_Order_FAQ,,,,../images/BlanketOrder/D3.png
C:\Users\scottuser\Documents\SonetLumier\WIP\PPS\PPS_BlanketOrder\PPS_BlanketOrder_01012026_1442.pptx,23,"Y3. Yes, (3) Three Releases created for this Order – Single step - PPS Sales","Y3. Yes, (3) Three Releases created for this Order – Single step - PPS Sales",Y3,"Yes, (3) Three Releases created for this Order – Single step - PPS Sales",../images/BlanketOrder/Y3.png,,S13,,Customer Calls For Second Release (Generator) – Single step - PPS Sales,,,"Yes, (3) Three Releases created for this Order – Single step - PPS Sales","Yes, (3) Three Releases created for this Order – Single step - PPS Sales",yes separate shipments have been requested hence three releases need to be created for this order,"Slide Y3. Yes, (3) Three Releases created for this Order – Single step - PPS Sales — Yes, (3) Three Releases created for this Order – Single step - PPS Sales.","Yes, (3) Three Releases created for this Order – Single step - PPS Sales",yes separate shipments have been requested hence three releases need to be created for this order,,,No,PALCO,Sales,BlanketOrder,,../faq,PPS_BlanketOrder_faq.html,Blanket_Order_FAQ,,,,../images/BlanketOrder/Y3.png
C:\Users\scottuser\Documents\SonetLumier\WIP\PPS\PPS_BlanketOrder\PPS_BlanketOrder_01012026_1442.pptx,24,S13. Customer Calls For Second Release (Generator) – Single step - PPS Sales,S13. Customer Calls For Second Release (Generator) – Single step - PPS Sales,S13,Customer Calls For Second Release (Generator) – Single step - PPS Sales,../images/BlanketOrder/S13.png,,S14,,Print Pick Ticket on “02” Suffix - OPM - PPS Sales,,,Customer Calls For Second Release (Generator) – Single step - PPS Sales,Customer Calls For Second Release (Generator) – Single step - PPS Sales,have process the first release the customer has indicated that they are ready for the second release,Slide S13. Customer Calls For Second Release (Generator) – Single step - PPS Sales — Customer Calls For Second Release (Generator) – Single step - PPS Sales.,Customer Calls For Second Release (Generator) – Single step - PPS Sales,have process the first release the customer has indicated that they are ready for the second release,,,No,PALCO,Sales,BlanketOrder,,../faq,PPS_BlanketOrder_faq.html,Blanket_Order_FAQ,,,,../images/BlanketOrder/S13.png
C:\Users\scottuser\Documents\SonetLumier\WIP\PPS\PPS_BlanketOrder\PPS_BlanketOrder_01012026_1442.pptx,25,S14. Print Pick Ticket on “02” Suffix - OPM - PPS Sales,S14. Print Pick Ticket on “02” Suffix - OPM - PPS Sales,S14,Print Pick Ticket on “02” Suffix - OPM - PPS Sales,../images/BlanketOrder/S14.png,,S15,,Perform Shipping Feedback on “02” Suffix - OPM - PPS Sales,,,Print Pick Ticket on “02” Suffix - OPM - PPS Sales,Print Pick Ticket on “02” Suffix - OPM - PPS Sales,"A pick ticket is printed Sales > Entry > OEE Reports > OEEPP

Function acronym: OEEPP

Use this report to print pick tickets so that the products can be picked from the warehouse and staged for shipping. Optionally, you can print Integrated Barcode pick labels or cartonization package labels. Run this report after a sales order is created, and you have optionally sent an acknowledgment to the customer.

You can print pick tickets automatically from Sales Order Entry and Sales Entry Shipping Feedback Report through this function. You can also print pick tickets with Sales Entry Back Order Fill Report after an order is filled.

A temporary lock is placed on orders until picking is complete. Because pick tickets can be printed from multiple functions, the lock ensures that the pick tickets are printed only once. If the Sales Entry Back Order Fill Report or Sales Entry Pick Tickets Report does not finish processing, the user that created the order can unlock the order in Sales Order Entry.",Slide S14. Print Pick Ticket on “02” Suffix - OPM - PPS Sales — Print Pick Ticket on “02” Suffix - OPM - PPS Sales.,Print Pick Ticket on “02” Suffix - OPM - PPS Sales,"A pick ticket is printed Sales > Entry > OEE Reports > OEEPP

Function acronym: OEEPP

Use this report to print pick tickets so that the products can be picked from the warehouse and staged for shipping. Optionally, you can print Integrated Barcode pick labels or cartonization package labels. Run this report after a sales order is created, and you have optionally sent an acknowledgment to the customer.

You can print pick tickets automatically from Sales Order Entry and Sales Entry Shipping Feedback Report through this function. You can also print pick tickets with Sales Entry Back Order Fill Report after an order is filled.

A temporary lock is placed on orders until picking is complete. Because pick tickets can be printed from multiple functions, the lock ensures that the pick tickets are printed only once. If the Sales Entry Back Order Fill Report or Sales Entry Pick Tickets Report does not finish processing, the user that created the order can unlock the order in Sales Order Entry.",06_Print Pick Ticket,https://scottelectricusa.uap.infor.com/#/content/b94123d0-bf35-4a24-b508-ad2c4f181c8c?contextId=1117d5a4-031c-40fd-bc51-f8d6bb1f1345&bypassGroupFiltering=false,No,PALCO,Sales,BlanketOrder,,../faq,PPS_BlanketOrder_faq.html,Blanket_Order_FAQ,,,,../images/BlanketOrder/S14.png
C:\Users\scottuser\Documents\SonetLumier\WIP\PPS\PPS_BlanketOrder\PPS_BlanketOrder_01012026_1442.pptx,26,S15. Perform Shipping Feedback on “02” Suffix - OPM - PPS Sales,S15. Perform Shipping Feedback on “02” Suffix - OPM - PPS Sales,S15,Perform Shipping Feedback on “02” Suffix - OPM - PPS Sales,../images/BlanketOrder/S15.png,,S16,,Customer “calls for Startup” - Single Step - PPS Sales,,,Perform Shipping Feedback on “02” Suffix - OPM - PPS Sales,Perform Shipping Feedback on “02” Suffix - OPM - PPS Sales,"he same shipping updates that the Sales Shipping Feedback Entry and Transfer Shipping Feedback Entry functions perform are initiated in the WL Entry Batch Shipping Report. This update includes closing the shipping journal and updating General Ledger and Inventory Control. If processing stops before the journal is successfully closed, you must manually close the journal. The journals are not opened by the WL Entry Batch Shipping Report; other functions that open the journals are launched. The report output provides order information and relevant error messages.",Slide S15. Perform Shipping Feedback on “02” Suffix - OPM - PPS Sales — Perform Shipping Feedback on “02” Suffix - OPM - PPS Sales.,Perform Shipping Feedback on “02” Suffix - OPM - PPS Sales,"he same shipping updates that the Sales Shipping Feedback Entry and Transfer Shipping Feedback Entry functions perform are initiated in the WL Entry Batch Shipping Report. This update includes closing the shipping journal and updating General Ledger and Inventory Control. If processing stops before the journal is successfully closed, you must manually close the journal. The journals are not opened by the WL Entry Batch Shipping Report; other functions that open the journals are launched. The report output provides order information and relevant error messages.",07_Shipping Feedback,https://scottelectricusa.uap.infor.com/#/content/aca7e7bd-7c49-4f1b-be7d-274cd5333327?contextId=1117d5a4-031c-40fd-bc51-f8d6bb1f1345&bypassGroupFiltering=false,No,PALCO,Sales,BlanketOrder,,../faq,PPS_BlanketOrder_faq.html,Blanket_Order_FAQ,,,,../images/BlanketOrder/S15.png
C:\Users\scottuser\Documents\SonetLumier\WIP\PPS\PPS_BlanketOrder\PPS_BlanketOrder_01012026_1442.pptx,27,S16. Customer “calls for Startup” - Single Step - PPS Sales,S16. Customer “calls for Startup” - Single Step - PPS Sales,S16,Customer “calls for Startup” - Single Step - PPS Sales,../images/BlanketOrder/S16.png,,S17,,Go “Startup SOP” to complete this Order - SOP - PPS Sales,,,Customer “calls for Startup” - Single Step - PPS Sales,Customer “calls for Startup” - Single Step - PPS Sales,The generator is installed and ready to be started hence the a request is made by the customer,Slide S16. Customer “calls for Startup” - Single Step - PPS Sales — Customer “calls for Startup” - Single Step - PPS Sales.,Customer “calls for Startup” - Single Step - PPS Sales,The generator is installed and ready to be started hence the a request is made by the customer,,,No,PALCO,Sales,BlanketOrder,,../faq,PPS_BlanketOrder_faq.html,Blanket_Order_FAQ,,,,../images/BlanketOrder/S16.png
C:\Users\scottuser\Documents\SonetLumier\WIP\PPS\PPS_BlanketOrder\PPS_BlanketOrder_01012026_1442.pptx,28,S17. Go “Startup SOP” to complete this Order - SOP - PPS Sales,S17. Go “Startup SOP” to complete this Order - SOP - PPS Sales,S17,Go “Startup SOP” to complete this Order - SOP - PPS Sales,../images/BlanketOrder/S17.png,,S998a,,You have come to the end of the path selected in the – Rental Process,,,Go “Startup SOP” to complete this Order - SOP - PPS Sales,Go “Startup SOP” to complete this Order - SOP - PPS Sales,,Slide S17. Go “Startup SOP” to complete this Order - SOP - PPS Sales — Go “Startup SOP” to complete this Order - SOP - PPS Sales.,Go “Startup SOP” to complete this Order - SOP - PPS Sales,,01_Service Order Process,https://scottelectricusa.uap.infor.com/#/folder/3a4b3dad-96fe-4694-a768-791383f32e32?bypassGroupFiltering=false,No,PALCO,Sales,BlanketOrder,,../faq,PPS_BlanketOrder_faq.html,Blanket_Order_FAQ,,,,../images/BlanketOrder/S17.png
C:\Users\scottuser\Documents\SonetLumier\WIP\PPS\PPS_BlanketOrder\PPS_BlanketOrder_01012026_1442.pptx,29,S998a. You have come to the end of the path selected in the – Rental Process,S998a. You have come to the end of the path selected in the – Rental Process,S998a,You have come to the end of the path selected in the – Rental Process,../images/BlanketOrder/S998a.png,,D1a,,Decision is the Generator a “Modified Build” ? - PPS Sales,,,You have come to the end of the path selected in the – Rental Process,You have come to the end of the path selected in the – Rental Process,"At this point there are two options one to go to another decision point (suggested) or go the end of the SOP 

Ever heard the phrase “Practice makes perfect ? – if you had not then now you have !

The Management and your project team would like you to practice this and other processes so that the Go live is smooth or if your new to the company or are new to the role you can get proficient in the training environment",Slide S998a. You have come to the end of the path selected in the – Rental Process — You have come to the end of the path selected in the – Rental Process.,You have come to the end of the path selected in the – Rental Process,"At this point there are two options one to go to another decision point (suggested) or go the end of the SOP 

Ever heard the phrase “Practice makes perfect ? – if you had not then now you have !

The Management and your project team would like you to practice this and other processes so that the Go live is smooth or if your new to the company or are new to the role you can get proficient in the training environment",,,No,PALCO,Sales,BlanketOrder,,../faq,PPS_BlanketOrder_faq.html,Blanket_Order_FAQ,,,,../images/BlanketOrder/S998a.png
C:\Users\scottuser\Documents\SonetLumier\WIP\PPS\PPS_BlanketOrder\PPS_BlanketOrder_01012026_1442.pptx,30,D1a. Decision is the Generator a “Modified Build” ? - PPS Sales,D1a. Decision is the Generator a “Modified Build” ? - PPS Sales,D1a,Decision is the Generator a “Modified Build” ? - PPS Sales,../images/BlanketOrder/D1a.png,You have come to this decision on to pursue the No path or go to the end of SOP S999,N1,S999,"No, Generator is not a “Modified Build”",If you have finished all paths go to the SOP end,You have come to this decision on to pursue the No path or go to the end of SOP S999,NO  the Generator is not a “Modified Build” - PPS Sales,Decision is the Generator a “Modified Build” ? - PPS Sales,"A key decision needs to be taken if the order requires a ""modified Generator Build"" or a standard unit",Slide D1a. Decision is the Generator a “Modified Build” ? - PPS Sales — NO  the Generator is not a “Modified Build” - PPS Sales.,Decision is the Generator a “Modified Build” ? - PPS Sales,"A key decision needs to be taken if the order requires a ""modified Generator Build"" or a standard unit",,,No,PALCO,Sales,BlanketOrder,,../faq,PPS_BlanketOrder_faq.html,Blanket_Order_FAQ,,,,../images/BlanketOrder/D1a.png
C:\Users\scottuser\Documents\SonetLumier\WIP\PPS\PPS_BlanketOrder\PPS_BlanketOrder_01012026_1442.pptx,31,"N1. No, Generator is not a “Modified Build” - PPS Sales","N1. No, Generator is not a “Modified Build” - PPS Sales",N1,"No, Generator is not a “Modified Build” - PPS Sales",../images/BlanketOrder/N1.png,,S5a,,Add items to the order including Start_Up - OPM - PPS Sales,,,"No, Generator is not a “Modified Build” - PPS Sales","No, Generator is not a “Modified Build” - PPS Sales","No, Generator is not a “Modified Build” - PPS Sales","Slide N1. No, Generator is not a “Modified Build” - PPS Sales — No, Generator is not a “Modified Build” - PPS Sales.","No, Generator is not a “Modified Build” - PPS Sales","No, Generator is not a “Modified Build” - PPS Sales",,,No,PALCO,Sales,BlanketOrder,,../faq,PPS_BlanketOrder_faq.html,Blanket_Order_FAQ,,,,../images/BlanketOrder/N1.png
C:\Users\scottuser\Documents\SonetLumier\WIP\PPS\PPS_BlanketOrder\PPS_BlanketOrder_01012026_1442.pptx,32,S5a. Add items to the order including Start_Up - OPM - PPS Sales,S5a. Add items to the order including Start_Up - OPM - PPS Sales,S5a,Add items to the order including Start_Up - OPM - PPS Sales,../images/BlanketOrder/S5a.png,May we suggest that you traverse all Decision paths with D2 or go to the SOP end Slide,S998b,D2a,You have come to the end of the path selected in the –BlanketOrder  Process,Go Back to D2,May we suggest that you traverse all Decision paths with D2 or go to the SOP end Slide,Add items to the order including Start_Up - OPM - PPS Sales,Add items to the order including Start_Up - OPM - PPS Sales,It should be noted the start up service has to be added as part of the sale and on a separate line,Slide S5a. Add items to the order including Start_Up - OPM - PPS Sales — Add items to the order including Start_Up - OPM - PPS Sales.,Add items to the order including Start_Up - OPM - PPS Sales,It should be noted the start up service has to be added as part of the sale and on a separate line,02_Add Items,https://scottelectricusa.uap.infor.com/#/content/3da46b27-097b-4391-9a80-c09204643112?contextId=1117d5a4-031c-40fd-bc51-f8d6bb1f1345&bypassGroupFiltering=false,No,PALCO,Sales,BlanketOrder,,../faq,PPS_BlanketOrder_faq.html,Blanket_Order_FAQ,,,,../images/BlanketOrder/S5a.png
C:\Users\scottuser\Documents\SonetLumier\WIP\PPS\PPS_BlanketOrder\PPS_BlanketOrder_01012026_1442.pptx,33,S998b. You have come to the end of the path selected in the – Rental Process,S998b. You have come to the end of the path selected in the – Rental Process,S998b,You have come to the end of the path selected in the – Rental Process,../images/BlanketOrder/S998b.png,,D2a,,Decision Does the customer want the Gen and ATS shipped separately ? - OPM - PPS Sales,,,You have come to the end of the path selected in the – Rental Process,You have come to the end of the path selected in the – Rental Process,"At this point there are two options one to go to another decision point (suggested) or go the end of the SOP 

Ever heard the phrase “Practice makes perfect ? – if you had not then now you have !

The Management and your project team would like you to practice this and other processes so that the Go live is smooth or if your new to the company or are new to the role you can get proficient in the training environment",Slide S998b. You have come to the end of the path selected in the – Rental Process — You have come to the end of the path selected in the – Rental Process.,You have come to the end of the path selected in the – Rental Process,"At this point there are two options one to go to another decision point (suggested) or go the end of the SOP 

Ever heard the phrase “Practice makes perfect ? – if you had not then now you have !

The Management and your project team would like you to practice this and other processes so that the Go live is smooth or if your new to the company or are new to the role you can get proficient in the training environment",,,No,PALCO,Sales,BlanketOrder,,../faq,PPS_BlanketOrder_faq.html,Blanket_Order_FAQ,,,,../images/BlanketOrder/S998b.png
C:\Users\scottuser\Documents\SonetLumier\WIP\PPS\PPS_BlanketOrder\PPS_BlanketOrder_01012026_1442.pptx,34,D2a. Decision Does the customer want the Gen and ATS shipped separately ? - OPM - PPS Sales,D2a. Decision Does the customer want the Gen and ATS shipped separately ? - OPM - PPS Sales,D2a,Decision Does the customer want the Gen and ATS shipped separately ? - OPM - PPS Sales,../images/BlanketOrder/D2a.png,Do you want Go to (N2) no Separate or to the end of SOP BlanketOrder,N2,S999,"No, The customer want the Gen and ATS together",If you have finished all paths go to the SOP end,Do you want Go to (N2) no Separate or to the end of SOP BlanketOrder,Decision Does the customer want the Gen and ATS shipped separately ? - OPM - PPS Sales,Decision Does the customer want the Gen and ATS shipped separately ? - OPM - PPS Sales,,Slide D2a. Decision Does the customer want the Gen and ATS shipped separately ? - OPM - PPS Sales — Decision Does the customer want the Gen and ATS shipped separately ? - OPM - PPS Sales.,Decision Does the customer want the Gen and ATS shipped separately ? - OPM - PPS Sales,,,,No,PALCO,Sales,BlanketOrder,,../faq,PPS_BlanketOrder_faq.html,Blanket_Order_FAQ,,,,../images/BlanketOrder/D2a.png
C:\Users\scottuser\Documents\SonetLumier\WIP\PPS\PPS_BlanketOrder\PPS_BlanketOrder_01012026_1442.pptx,35,"N2. No, The customer want the Gen and ATS together separately - Single Step - PPS Sales","N2. No, The customer want the Gen and ATS together not separately - Single Step - PPS Sales",N2,"No, The customer want the Gen and ATS together separately - Single Step - PPS Sales",../images/BlanketOrder/N2.png,,S18,,Create (2) Two Releases - OPM - PPS Sales,,,"No, The customer want the Gen and ATS together separately - Single Step - PPS Sales","No, The customer want the Gen and ATS together separately - Single Step - PPS Sales",,"Slide N2. No, The customer want the Gen and ATS together separately - Single Step - PPS Sales — No, The customer want the Gen and ATS together separately - Single Step - PPS Sales.","No, The customer want the Gen and ATS together separately - Single Step - PPS Sales",,,,No,PALCO,Sales,BlanketOrder,,../faq,PPS_BlanketOrder_faq.html,Blanket_Order_FAQ,,,,../images/BlanketOrder/N2.png
C:\Users\scottuser\Documents\SonetLumier\WIP\PPS\PPS_BlanketOrder\PPS_BlanketOrder_01012026_1442.pptx,36,S18. Create (2) Two Releases - OPM - PPS Sales,S18. Create (2) Two Releases - OPM - PPS Sales,S18,Create (2) Two Releases - OPM - PPS Sales,../images/BlanketOrder/S18.png,,S8a,,Run OEEPC and await customer call - OPM - PPS Sales,,,Create (2) Two Releases - OPM - PPS Sales,Create (2) Two Releases - OPM - PPS Sales,,Slide S18. Create (2) Two Releases - OPM - PPS Sales — Create (2) Two Releases - OPM - PPS Sales.,Create (2) Two Releases - OPM - PPS Sales,,04_Create a Release,https://scottelectricusa.uap.infor.com/#/content/8ee4bf25-b611-4a98-b451-2bbbe6e4785b?contextId=1117d5a4-031c-40fd-bc51-f8d6bb1f1345&bypassGroupFiltering=false,No,PALCO,Sales,BlanketOrder,,../faq,PPS_BlanketOrder_faq.html,Blanket_Order_FAQ,,,,../images/BlanketOrder/S18.png
C:\Users\scottuser\Documents\SonetLumier\WIP\PPS\PPS_BlanketOrder\PPS_BlanketOrder_01012026_1442.pptx,37,S8a. Run OEEPC and await customer call - OPM - PPS Sales,S8a. Run OEEPC and await customer call - OPM - PPS Sales,S8a,Run OEEPC and await customer call - OPM - PPS Sales,../images/BlanketOrder/S8a.png,May we suggest that you traverse all Decision paths with D3a or go to the SOP end Slide,S998c,D1,You have come to the end of the path selected in the – BlanketOrder Process,May we suggest going to D1 for modified build,May we suggest that you traverse all Decision paths with D3a or go to the SOP end Slide,Run OEEPC and await customer call - OPM - PPS Sales,Run OEEPC and await customer call - OPM - PPS Sales,,Slide S8a. Run OEEPC and await customer call - OPM - PPS Sales — Run OEEPC and await customer call - OPM - PPS Sales.,Run OEEPC and await customer call - OPM - PPS Sales,,05_Run OEEPC,https://scottelectricusa.uap.infor.com/#/content/1030ffc1-1656-40db-a9d1-de90fa5f2bd0?contextId=1117d5a4-031c-40fd-bc51-f8d6bb1f1345&bypassGroupFiltering=false,No,PALCO,Sales,BlanketOrder,,../faq,PPS_BlanketOrder_faq.html,Blanket_Order_FAQ,,,,../images/BlanketOrder/S8a.png
C:\Users\scottuser\Documents\SonetLumier\WIP\PPS\PPS_BlanketOrder\PPS_BlanketOrder_01012026_1442.pptx,38,S998c. You have come to the end of the path selected in the – Rental Process,S998c. You have come to the end of the path selected in the – Rental Process,S998c,You have come to the end of the path selected in the – Rental Process,../images/BlanketOrder/S998c.png,,D3a,,"Decision, Were (3) Three Releases created for this Order ? - Single step - PPS Sales",,,You have come to the end of the path selected in the – Rental Process,You have come to the end of the path selected in the – Rental Process,You have come to the end of the path selected in the – Rental Process,Slide S998c. You have come to the end of the path selected in the – Rental Process — You have come to the end of the path selected in the – Rental Process.,You have come to the end of the path selected in the – Rental Process,You have come to the end of the path selected in the – Rental Process,,,No,PALCO,Sales,BlanketOrder,,../faq,PPS_BlanketOrder_faq.html,Blanket_Order_FAQ,,,,../images/BlanketOrder/S998c.png
C:\Users\scottuser\Documents\SonetLumier\WIP\PPS\PPS_BlanketOrder\PPS_BlanketOrder_01012026_1442.pptx,39,"D3a. Decision, Were (3) Three Releases created for this Order ? - Single step - PPS Sales","D3a. Decision, Were (3) Three Releases created for this Order ? - Single step - PPS Sales",D3a,"Decision, Were (3) Three Releases created for this Order ? - Single step - PPS Sales",../images/BlanketOrder/D3a.png,"Decision, Were (3) Three Releases created for this Order ?",N3,S999,No (2) Two Releases created for this Order,GO to the end of the SOP on Blanket orders,"Decision, Were (3) Three Releases created for this Order ?",No only two Releases created for this Order ? - Single step - PPS Sales,"Decision, Were (3) Three Releases created for this Order ? - Single step - PPS Sales","Decision, Were (3) Three Releases created for this Order ? - Single step - PPS Sales","Slide D3a. Decision, Were (3) Three Releases created for this Order ? - Single step - PPS Sales — No only two Releases created for this Order ? - Single step - PPS Sales.","Decision, Were (3) Three Releases created for this Order ? - Single step - PPS Sales","Decision, Were (3) Three Releases created for this Order ? - Single step - PPS Sales",,,No,PALCO,Sales,BlanketOrder,,../faq,PPS_BlanketOrder_faq.html,Blanket_Order_FAQ,,,,../images/BlanketOrder/D3a.png
C:\Users\scottuser\Documents\SonetLumier\WIP\PPS\PPS_BlanketOrder\PPS_BlanketOrder_01012026_1442.pptx,40,N3. No (2) Two Releases created for this Order ? - Single step - PPS Sales,N3. No (2) Two Releases created for this Order ? - Single step - PPS Sales,N3,No (2) Two Releases created for this Order ? - Single step - PPS Sales,../images/BlanketOrder/N3a.png,,S16a,,Customer Calls for Start up - Single step - PPS Sales,,,No (2) Two Releases created for this Order ? - Single step - PPS Sales,No (2) Two Releases created for this Order ? - Single step - PPS Sales,No (2) Two Releases created for this Order ? - Single step - PPS Sales,Slide N3. No (2) Two Releases created for this Order ? - Single step - PPS Sales — No (2) Two Releases created for this Order ? - Single step - PPS Sales.,No (2) Two Releases created for this Order ? - Single step - PPS Sales,No (2) Two Releases created for this Order ? - Single step - PPS Sales,,,No,PALCO,Sales,BlanketOrder,,../faq,PPS_BlanketOrder_faq.html,Blanket_Order_FAQ,,,,../images/BlanketOrder/N3a.png
C:\Users\scottuser\Documents\SonetLumier\WIP\PPS\PPS_BlanketOrder\PPS_BlanketOrder_01012026_1442.pptx,41,S16a. Customer Calls for Start up - Single step - PPS Sales,S16a. Customer Calls for Start up - Single step - PPS Sales,S16a,Customer Calls for Start up - Single step - PPS Sales,../images/BlanketOrder/S16a.png,,S17a,,Customer Calls for Start up - Single step - PPS Sales,,,Customer Calls for Start up - Single step - PPS Sales,Customer Calls for Start up - Single step - PPS Sales,Customer Calls for Start up - Single step - PPS Sales,Slide S16a. Customer Calls for Start up - Single step - PPS Sales — Customer Calls for Start up - Single step - PPS Sales.,Customer Calls for Start up - Single step - PPS Sales,Customer Calls for Start up - Single step - PPS Sales,,,No,PALCO,Sales,BlanketOrder,,../faq,PPS_BlanketOrder_faq.html,Blanket_Order_FAQ,,,,../images/BlanketOrder/S16a.png
C:\Users\scottuser\Documents\SonetLumier\WIP\PPS\PPS_BlanketOrder\PPS_BlanketOrder_01012026_1442.pptx,42,S17a. Customer Calls for Start up - Single step - PPS Sales,S17a. Customer Calls for Start up - Single step - PPS Sales,S17a,Customer Calls for Start up - Single step - PPS Sales,../images/BlanketOrder/S17a.png,May we suggest that you traverse all Decision paths with D2 or go to the SOP end Slide,S998d,D2,Go to the end of this path slide,May we suggest going back to D2 shipped Separate or not decision,May we suggest that you traverse all Decision paths with D2 or go to the SOP end Slide,Go to the end of the Banket Order Path,Customer Calls for Start up - Single step - PPS Sales,Customer Calls for Start up - Single step - PPS Sales,Slide S17a. Customer Calls for Start up - Single step - PPS Sales — Go to the end of the Banket Order Path.,Customer Calls for Start up - Single step - PPS Sales,Customer Calls for Start up - Single step - PPS Sales,,,No,PALCO,Sales,BlanketOrder,,../faq,PPS_BlanketOrder_faq.html,Blanket_Order_FAQ,,,,../images/BlanketOrder/S17a.png
C:\Users\scottuser\Documents\SonetLumier\WIP\PPS\PPS_BlanketOrder\PPS_BlanketOrder_01012026_1442.pptx,43,S998d. You have come to the end of the path selected in the – Rental Process,S998d. You have come to the end of the path selected in the – Rental Process,S998d,You have come to the end of the path selected in the – Rental Process,../images/BlanketOrder/S998d.png,,S999,,You have successfully completed this SOP On PMA’s,,,You have come to the end of the path selected in the – Blanket orderl Process,You have come to the end of the path selected in the – Rental Process,You have come to the end of the path selected in the – Rental Process,Slide S998d. You have come to the end of the path selected in the – Rental Process — You have come to the end of the path selected in the – Blanket orderl Process.,You have come to the end of the path selected in the – Rental Process,You have come to the end of the path selected in the – Rental Process,,,No,PALCO,Sales,BlanketOrder,,../faq,PPS_BlanketOrder_faq.html,Blanket_Order_FAQ,,,,../images/BlanketOrder/S998d.png
C:\Users\scottuser\Documents\SonetLumier\WIP\PPS\PPS_BlanketOrder\PPS_BlanketOrder_01012026_1442.pptx,44,S999. You have successfully completed this SOP On PMA’s,S999. You have successfully completed this SOP On PMA’s,S999,You have successfully completed this SOP On PMA’s,../images/BlanketOrder/S999.png,,,,,,,You have successfully completed this SOP On PMA’s,You have successfully completed this SOP On PMA’s,You have successfully completed this SOP On PMA’s,Slide S999. You have successfully completed this SOP On PMA’s — You have successfully completed this SOP On PMA’s.,You have successfully completed this SOP On PMA’s,You have successfully completed this SOP On PMA’s,,,No,PALCO,Sales,BlanketOrder,,,,,../quiz,PPS_BlanketOrder_quiz.html,Blanket_Order_Quiz,../images/BlanketOrder/S999.png
